Sub Type,SARS-CoV-2,SARS-CoV,MERS,Other Betacoronavirus,Influenza A,HIV,EBV,Alphacoronavirus,Torovirinae,Roniviridae,Mesoniviridae,Arteriviridae
AC>AA,685,23,1,71,386,1085,44,128,6,16,53,93
AC>AC,442,12,3,47,258,433,68,117,3,5,30,87
AC>AG,148,3,0,23,201,220,99,55,2,6,9,74
AC>AT,882,27,8,126,718,831,39,305,14,6,30,76
CC>AA,602,48,4,93,485,522,161,198,12,43,38,339
CC>AC,145,6,3,29,246,118,169,44,6,8,21,123
CC>AG,133,24,0,42,621,112,204,73,1,7,17,188
CC>AT,744,31,19,140,1052,442,170,185,6,35,21,280
GC>AA,256,12,3,61,339,382,110,66,2,10,22,142
GC>AC,114,11,1,23,125,84,134,28,1,4,8,75
GC>AG,58,11,7,35,135,150,77,46,3,0,10,95
GC>AT,321,19,3,76,274,531,115,173,4,9,21,136
TC>AA,461,32,5,70,594,338,76,96,2,20,26,157
TC>AC,205,12,2,34,227,164,85,45,4,6,5,89
TC>AG,146,10,0,54,277,82,83,59,2,12,16,118
TC>AT,690,32,7,94,874,454,110,188,7,17,11,152
AC>GA,140,11,1,29,60,321,71,45,0,3,8,36
AC>GC,39,3,0,23,177,174,69,38,0,2,7,47
AC>GG,25,0,0,2,13,33,27,4,0,0,2,14
AC>GT,122,18,3,104,96,198,36,142,4,1,16,38
CC>GA,109,3,0,22,104,62,47,35,2,3,1,68
CC>GC,23,5,1,5,41,15,50,8,0,3,5,79
CC>GG,18,1,0,4,68,7,43,14,0,0,1,55
CC>GT,83,9,3,30,147,46,48,28,0,2,6,129
GC>GA,36,2,0,18,135,327,53,21,2,2,1,51
GC>GC,9,1,1,25,125,42,175,20,1,3,0,86
GC>GG,6,1,1,3,36,26,46,8,0,0,0,33
GC>GT,86,10,1,56,141,211,40,99,3,2,5,79
TC>GA,184,8,0,35,112,148,56,63,5,5,4,78
TC>GC,35,5,0,25,73,32,50,25,3,5,3,42
TC>GG,35,0,0,10,41,7,30,22,2,0,2,38
TC>GT,145,13,0,63,614,114,84,89,2,5,3,106
AC>TA,21234,505,71,1093,958,2955,170,2245,52,103,206,1525
AC>TC,7450,221,20,443,1426,1736,185,823,36,53,121,1529
AC>TG,4781,142,51,346,375,157,430,789,12,69,89,1254
AC>TT,17028,430,79,953,1714,2979,87,1652,46,84,118,1515
CC>TA,6778,170,36,440,526,1224,249,818,36,38,67,2017
CC>TC,2707,65,23,179,479,494,362,192,7,12,29,1289
CC>TG,2188,65,22,179,595,190,724,248,2,28,32,1529
CC>TT,6346,164,32,371,1711,877,224,598,25,41,46,1775
GC>TA,6044,173,30,518,502,1081,224,690,21,33,47,1387
GC>TC,2897,63,17,216,419,581,353,272,13,29,28,1187
GC>TG,2098,105,29,221,243,204,625,441,6,29,34,1260
GC>TT,10596,250,51,682,837,1327,159,1213,43,53,72,1797
TC>TA,13213,340,70,701,1299,2097,263,1339,19,78,67,2114
TC>TC,5247,84,47,292,653,878,308,437,13,49,32,1554
TC>TG,5116,155,45,339,424,220,324,573,7,68,51,1744
TC>TT,15477,252,122,1000,1914,1719,292,1748,35,84,64,1737
AT>AA,101,8,2,57,56,279,47,63,8,0,22,27
AT>AC,67,7,1,25,143,302,47,67,3,10,19,48
AT>AG,342,19,2,134,268,320,85,230,9,3,24,109
AT>AT,150,26,4,107,88,431,30,122,6,4,26,94
CT>AA,233,91,2,444,372,391,35,562,17,28,78,149
CT>AC,165,49,1,184,579,192,88,253,7,50,32,183
CT>AG,635,187,8,721,487,463,119,1023,30,18,35,449
CT>AT,300,112,3,428,384,103,56,534,24,25,31,162
GT>AA,61,19,1,87,138,114,21,122,7,4,16,33
GT>AC,28,15,0,46,456,97,128,88,5,6,3,110
GT>AG,108,39,1,178,87,132,99,232,7,2,15,182
GT>AT,37,12,1,132,184,246,46,158,9,7,10,71
TT>AA,291,61,2,386,191,253,34,398,22,2,63,59
TT>AC,174,47,4,208,682,624,16,235,17,13,25,225
TT>AG,758,128,7,549,87,212,31,834,28,3,51,282
TT>AT,240,64,2,412,500,569,17,535,34,4,89,211
AT>CA,2793,410,29,1318,1140,2938,62,2305,121,30,230,958
AT>CC,2664,233,27,637,1038,1664,117,978,75,73,131,1118
AT>CG,2820,432,29,1201,453,792,290,2502,46,64,154,1915
AT>CT,2390,389,35,1326,1259,3559,55,2259,138,32,191,1336
CT>CA,1421,254,28,860,890,1196,151,1554,64,40,88,1309
CT>CC,821,83,28,313,603,394,194,364,18,28,31,1092
CT>CG,1290,216,27,569,933,388,484,1001,21,30,82,1870
CT>CT,1444,244,29,672,1476,797,92,1026,31,26,70,1292
GT>CA,800,150,15,689,848,1378,118,1271,54,37,63,832
GT>CC,609,67,17,280,607,699,181,421,35,32,22,1004
GT>CG,1175,202,18,723,621,473,305,1177,17,19,44,1467
GT>CT,1327,209,24,792,1043,1626,128,1662,97,21,89,1206
TT>CA,1758,412,28,1207,1218,1840,107,2282,55,24,103,1476
TT>CC,1274,173,16,405,930,1016,162,515,46,45,41,1399
TT>CG,1545,251,28,785,730,341,207,1708,26,41,73,2309
TT>CT,2001,291,45,1272,1525,1843,108,2298,111,23,125,1685
AT>GA,175,10,0,44,133,343,85,44,4,1,8,19
AT>GC,237,14,4,81,226,500,60,110,5,8,9,34
AT>GG,172,11,1,80,198,539,133,138,4,0,7,30
AT>GT,379,16,4,96,96,425,34,173,8,0,12,60
CT>GA,73,10,1,106,133,102,51,134,1,2,17,37
CT>GC,275,38,3,137,706,83,106,205,2,15,18,103
CT>GG,244,56,2,174,608,215,108,234,5,2,3,149
CT>GT,380,45,3,185,738,97,113,324,6,2,10,120
GT>GA,66,7,0,34,93,71,71,44,5,2,5,27
GT>GC,117,4,2,55,232,84,173,114,5,7,6,70
GT>GG,96,11,0,45,187,185,183,99,6,0,4,77
GT>GT,294,21,3,125,263,308,78,223,14,3,6,116
TT>GA,111,24,4,165,197,162,110,267,6,1,19,50
TT>GC,386,60,12,217,358,317,101,375,14,12,22,114
TT>GG,183,45,11,235,182,147,131,510,13,1,6,154
TT>GT,421,48,3,291,475,367,98,557,34,2,18,173
TG>TT,8663,39,21,302,309,175,59,451,13,4,19,208
GG>TT,2143,17,11,87,119,153,172,176,11,1,4,131
CG>TT,2383,13,15,94,229,13,35,166,1,1,5,126
AG>TT,5544,24,20,168,124,248,57,287,13,1,10,64
TG>TG,4069,33,13,138,142,106,274,282,9,1,4,321
GG>TG,460,1,5,22,51,59,248,30,0,0,2,145
CG>TG,995,14,8,51,116,51,243,117,0,2,5,215
AG>TG,3111,16,16,77,139,378,238,162,7,1,5,149
TG>TC,5029,53,14,275,108,221,154,521,12,6,16,231
GG>TC,1501,7,14,67,133,73,168,114,3,0,7,98
CG>TC,1439,15,12,69,132,39,115,110,3,9,9,119
AG>TC,2889,17,13,115,218,510,130,154,7,11,10,95
TG>TA,4312,37,15,162,32,36,156,182,7,4,9,165
GG>TA,1630,11,7,35,81,60,156,41,1,1,2,65
CG>TA,1155,13,8,36,33,23,90,70,5,1,7,87
AG>TA,5198,19,9,86,28,340,151,92,4,2,3,118
TG>CT,394,15,4,102,342,104,44,133,8,0,4,73
GG>CT,86,3,1,39,70,62,52,77,3,4,3,95
CG>CT,180,5,5,29,174,9,16,31,0,2,0,48
AG>CT,236,8,2,57,123,284,31,79,10,4,6,40
TG>CG,212,3,2,31,74,20,48,40,0,2,1,54
GG>CG,19,1,0,7,26,65,36,4,1,1,1,47
CG>CG,32,1,2,12,43,5,69,12,0,1,4,52
AG>CG,137,2,2,22,82,77,42,22,1,0,0,29
TG>CC,121,8,2,37,87,36,57,48,2,4,7,54
GG>CC,80,1,3,10,149,112,171,19,1,1,1,66
CG>CC,57,3,2,13,43,5,46,16,2,5,2,28
AG>CC,93,2,4,20,54,291,36,36,2,1,2,57
TG>CA,719,19,6,87,72,183,65,122,4,4,13,88
GG>CA,184,3,0,17,312,462,29,27,2,1,3,95
CG>CA,219,8,5,19,102,28,28,21,2,1,1,54
AG>CA,1004,20,10,70,96,571,99,75,2,5,6,52
TG>AT,2282,160,22,630,1717,1796,149,998,59,13,49,993
GG>AT,928,46,12,158,618,1148,179,362,30,8,7,730
CG>AT,1342,66,22,188,770,148,518,314,10,12,32,758
AG>AT,1519,153,11,546,967,4743,172,979,56,29,35,946
TG>AG,1756,78,12,292,963,3383,204,625,27,5,20,1127
GG>AG,780,24,5,72,531,1790,452,124,7,1,3,759
CG>AG,834,47,9,94,826,776,708,155,8,5,12,942
AG>AG,2019,223,14,472,873,6659,317,912,33,22,24,1568
TG>AC,1150,83,6,280,843,1595,234,404,18,5,29,960
GG>AC,831,44,9,87,815,1133,373,116,5,8,5,752
CG>AC,1043,66,10,105,587,162,523,161,1,10,19,827
AG>AC,1289,123,21,344,580,2939,234,532,33,27,27,922
TG>AA,1199,78,8,259,819,2609,327,417,19,11,41,1291
GG>AA,939,54,8,103,616,2657,203,150,17,4,11,903
CG>AA,544,48,5,72,670,494,366,125,6,13,28,710
AG>AA,1917,180,11,454,1011,7172,362,862,35,39,46,1441
TA>TT,243,38,7,298,515,749,38,341,34,3,82,130
GA>TT,168,11,0,61,139,165,98,88,5,1,10,81
CA>TT,503,118,9,284,318,453,54,331,24,15,62,213
AA>TT,320,17,3,95,237,579,33,99,10,1,35,70
TA>TG,290,63,0,236,91,265,38,202,20,5,36,114
GA>TG,182,42,3,67,67,233,97,98,4,8,10,138
CA>TG,774,136,2,313,357,617,159,364,35,11,53,412
AA>TG,274,10,2,88,168,557,59,148,3,3,17,118
TA>TC,113,43,2,158,697,626,30,233,17,18,62,182
GA>TC,60,10,1,50,528,204,99,67,3,5,9,73
CA>TC,184,67,3,198,584,311,96,249,12,16,62,285
AA>TC,105,7,1,44,175,668,29,60,6,9,21,49
TA>TA,237,44,2,176,176,218,50,118,17,3,75,89
GA>TA,233,11,0,62,143,246,30,80,7,10,20,60
CA>TA,869,123,8,258,201,399,40,266,41,16,80,208
AA>TA,292,8,1,53,54,427,16,66,9,3,31,56
TA>GT,2601,142,20,481,1213,1825,98,888,43,10,72,702
GA>GT,1971,86,17,267,300,1644,111,505,38,12,7,757
CA>GT,1519,152,13,382,1058,735,288,659,39,21,51,891
AA>GT,2246,207,9,630,778,4357,116,1076,72,38,110,1015
TA>GG,1687,105,12,397,594,2619,155,614,42,6,27,834
GA>GG,798,95,6,191,485,1774,245,210,16,2,10,970
CA>GG,1402,154,12,295,974,1376,515,479,18,9,41,1281
AA>GG,3052,341,17,901,818,6636,171,1403,61,48,85,1838
TA>GC,1105,76,4,258,713,1494,137,422,22,4,50,573
GA>GC,622,65,5,150,685,1499,211,184,25,10,10,710
CA>GC,1009,142,16,309,730,569,318,416,17,18,56,912
AA>GC,1435,159,19,426,837,2768,103,788,31,41,96,989
TA>GA,828,69,10,252,1096,2682,165,401,31,9,77,892
GA>GA,1063,48,9,116,830,3030,137,220,21,3,13,937
CA>GA,1167,124,7,182,823,1028,212,323,12,17,50,971
AA>GA,1872,240,8,562,847,7251,148,1091,49,32,138,1382
TA>CT,93,15,0,85,469,549,88,115,7,5,20,68
GA>CT,339,22,4,104,214,588,37,201,3,9,18,82
CA>CT,270,59,7,156,764,705,124,206,13,12,45,128
AA>CT,540,27,0,125,1027,1181,56,283,10,10,46,85
TA>CG,84,10,1,64,395,203,68,90,4,6,25,44
GA>CG,312,18,0,63,124,190,79,119,2,7,15,110
CA>CG,203,30,4,102,853,412,182,131,6,16,40,210
AA>CG,521,20,3,66,671,519,66,135,3,9,19,120
TA>CC,46,11,1,53,166,280,43,58,5,4,16,35
GA>CC,145,17,1,33,264,157,120,58,1,12,15,42
CA>CC,95,18,3,76,306,242,127,136,9,14,47,96
AA>CC,214,10,1,46,578,555,65,89,11,11,36,75
TA>CA,83,16,0,90,699,673,59,104,5,3,37,68
GA>CA,441,30,6,79,477,857,91,125,3,11,34,100
CA>CA,167,53,1,98,547,543,159,189,18,29,47,215
AA>CA,438,15,1,76,423,1939,50,148,9,14,73,110
